tag,model,num_pages,Accuracy,Precision,Recall,F1-score,TPR,FPR
legacyPadl100_pin0p02_pout0p06_L5_G1,DF,95,0.6803989473684211,0.7211263157894737,0.6809421052631578,0.6509042105263156,0.9005673684210531,0.5386821052631581
legacyPadl100_pin0p02_pout0p06_L5_G1,TikTok,95,0.6903231578947367,0.7407547368421054,0.6908863157894735,0.6678505263157891,0.9001252631578952,0.5183526315789476
legacyPadl100_pin0p02_pout0p06_L5_G1,VarCNN,95,0.6515284210526316,0.6106789473684212,0.6519663157894737,0.5928589473684207,0.7626526315789475,0.4587231578947369
legacyPadl100_pin0p02_pout0p06_L5_G1,RF,95,0.6984926315789473,0.7610736842105262,0.6990631578947368,0.6804084210526314,0.9150589473684215,0.5169326315789474
