tag,model,num_pages,Accuracy,Precision,Recall,F1-score,TPR,FPR
legacyPadl100_pin0p025_pout0p075_L5_G1,DF,95,0.6895,0.7437073684210526,0.6900263157894739,0.6658389473684209,0.8978915789473689,0.5178294736842105
legacyPadl100_pin0p025_pout0p075_L5_G1,TikTok,95,0.6930473684210526,0.7517957894736843,0.6935873684210527,0.67058,0.9050221052631584,0.5178378947368422
legacyPadl100_pin0p025_pout0p075_L5_G1,VarCNN,95,0.7164926315789475,0.7110231578947367,0.7167705263157897,0.6818157894736843,0.8113894736842107,0.37785157894736837
legacyPadl100_pin0p025_pout0p075_L5_G1,RF,95,0.6978926315789474,0.7602557894736843,0.6984800000000001,0.6771473684210527,0.9142789473684215,0.5173084210526316
