tag,model,num_pages,Accuracy,Precision,Recall,F1-score,TPR,FPR
legacyPadl100_pin0p015_pout0p045_L1_G5,DF,95,0.6117284210526316,0.5855421052631581,0.6117873684210526,0.5582684210526313,0.6402631578947368,0.41669894736842095
legacyPadl100_pin0p015_pout0p045_L1_G5,TikTok,95,0.5928147368421055,0.5573494736842106,0.5925747368421052,0.5392663157894738,0.4731757894736841,0.28802105263157896
legacyPadl100_pin0p015_pout0p045_L1_G5,VarCNN,95,0.6188726315789475,0.6596105263157894,0.6190799999999999,0.5918484210526314,0.6976673684210527,0.4595031578947366
legacyPadl100_pin0p015_pout0p045_L1_G5,RF,95,0.6424105263157893,0.6733273684210526,0.6427326315789474,0.630144210526316,0.7614684210526318,0.47600000000000015
