tag,model,num_pages,Accuracy,Precision,Recall,F1-score,TPR,FPR
legacyPadl100_pin0p025_pout0p075_L7_G1,DF,95,0.6405536842105264,0.7253736842105267,0.6411568421052634,0.5956610526315789,0.862042105263158,0.5797200000000001
legacyPadl100_pin0p025_pout0p075_L7_G1,TikTok,95,0.6398568421052633,0.7191200000000004,0.6404663157894739,0.5921747368421052,0.8548568421052632,0.57392
legacyPadl100_pin0p025_pout0p075_L7_G1,VarCNN,95,0.6474557894736841,0.5975105263157894,0.6475905263157895,0.5803315789473684,0.7041294736842106,0.4089463157894736
legacyPadl100_pin0p025_pout0p075_L7_G1,RF,95,0.641458947368421,0.7270494736842109,0.6420747368421054,0.596378947368421,0.8745863157894739,0.5904326315789473
