tag,model,num_pages,Accuracy,Precision,Recall,F1-score,TPR,FPR
legacyPadl100_pin0p015_pout0p045_L5_G1,DF,95,0.6886642105263157,0.7325578947368426,0.6892200000000003,0.6661431578947369,0.891874736842105,0.5134336842105262
legacyPadl100_pin0p015_pout0p045_L5_G1,TikTok,95,0.6950326315789471,0.7457431578947373,0.6956210526315791,0.6757073684210526,0.9131199999999996,0.521877894736842
legacyPadl100_pin0p015_pout0p045_L5_G1,VarCNN,95,0.6423294736842103,0.6473021052631581,0.6429673684210527,0.5839094736842104,0.8166252631578949,0.5306905263157895
legacyPadl100_pin0p015_pout0p045_L5_G1,RF,95,0.6999052631578946,0.7574315789473689,0.7004821052631582,0.6837136842105261,0.9126463157894734,0.5116799999999998
