tag,model,num_pages,Accuracy,Precision,Recall,F1-score,TPR,FPR
legacyPadl100_pin0p015_pout0p045_L1_G3,DF,95,0.5924178947368423,0.5215052631578949,0.5924557894736842,0.5160789473684207,0.5601221052631579,0.375201052631579
legacyPadl100_pin0p015_pout0p045_L1_G3,TikTok,95,0.6459063157894737,0.6155694736842104,0.6457600000000001,0.6050673684210527,0.5747789473684212,0.2832442105263159
legacyPadl100_pin0p015_pout0p045_L1_G3,VarCNN,95,0.6383263157894737,0.6712705263157893,0.638658947368421,0.6136778947368422,0.7509494736842106,0.4736305263157894
legacyPadl100_pin0p015_pout0p045_L1_G3,RF,95,0.6910705263157894,0.7175442105263157,0.6914652631578946,0.6816621052631578,0.8260515789473686,0.44312210526315776
