tag,model,num_pages,Accuracy,Precision,Recall,F1-score,TPR,FPR
legacyPadl100_pin0p015_pout0p045_L9_G1,DF,86,0.5126093023255812,0.2924825581395348,0.513253488372093,0.35446279069767456,0.517053488372093,0.4905430232558139
legacyPadl100_pin0p015_pout0p045_L9_G1,TikTok,86,0.4993244186046511,0.24966627906976743,0.5,0.3329988372093025,0.45348837209302323,0.45348837209302323
legacyPadl100_pin0p015_pout0p045_L9_G1,VarCNN,27,0.499837037037037,0.2499185185185185,0.5,0.333225925925926,0.4444444444444444,0.4444444444444444
legacyPadl100_pin0p015_pout0p045_L9_G1,RF,86,0.4996627906976744,0.24983372093023254,0.5,0.3331500000000001,0.37209302325581395,0.37209302325581395
