tag,model,num_pages,Accuracy,Precision,Recall,F1-score,TPR,FPR
legacyPadl100_pin0p015_pout0p045_L1_G1,DF,95,0.6003400000000001,0.4477378947368424,0.5997905263157892,0.492976842105263,0.3686842105263158,0.16910947368421053
legacyPadl100_pin0p015_pout0p045_L1_G1,TikTok,95,0.7192578947368423,0.7008284210526315,0.7190399999999999,0.6861852631578945,0.6713021052631581,0.2332168421052632
legacyPadl100_pin0p015_pout0p045_L1_G1,VarCNN,95,0.6792242105263159,0.6782305263157895,0.679444210526316,0.6410705263157894,0.7448999999999999,0.38600842105263156
legacyPadl100_pin0p015_pout0p045_L1_G1,RF,95,0.7611905263157892,0.782222105263158,0.7615042105263155,0.7430399999999991,0.8604084210526316,0.33737894736842106
