tag,model,num_pages,Accuracy,Precision,Recall,F1-score,TPR,FPR
legacyPadl100_pin0p015_pout0p045_L7_G1,DF,95,0.6441052631578946,0.7107031578947366,0.6446905263157896,0.6033221052631579,0.8452589473684213,0.5558842105263156
legacyPadl100_pin0p015_pout0p045_L7_G1,TikTok,95,0.64718,0.7252768421052631,0.64778,0.6098757894736843,0.869026315789474,0.5734736842105261
legacyPadl100_pin0p015_pout0p045_L7_G1,VarCNN,95,0.5942421052631577,0.5730705263157895,0.594794736842105,0.5095463157894735,0.7192526315789475,0.5296747368421052
legacyPadl100_pin0p015_pout0p045_L7_G1,RF,95,0.6466421052631579,0.7170789473684209,0.6472557894736843,0.6048189473684211,0.8563526315789476,0.5618494736842103
