tag,model,num_pages,Accuracy,Precision,Recall,F1-score,TPR,FPR
legacyPadl100_pin0p025_pout0p075_L1_G5,DF,95,0.6100589473684211,0.5826126315789474,0.6101463157894736,0.5538578947368421,0.6322178947368422,0.41192631578947364
legacyPadl100_pin0p025_pout0p075_L1_G5,TikTok,95,0.6195589473684211,0.6011400000000001,0.6195789473684208,0.5793084210526314,0.5849999999999999,0.3458389473684212
legacyPadl100_pin0p025_pout0p075_L1_G5,VarCNN,95,0.7076199999999998,0.740537894736842,0.7079463157894736,0.6873947368421052,0.8523747368421055,0.43648315789473696
legacyPadl100_pin0p025_pout0p075_L1_G5,RF,95,0.6602315789473682,0.6890073684210524,0.6605599999999998,0.6497410526315788,0.7782242105263155,0.45710210526315775
