tag,model,num_pages,Accuracy,Precision,Recall,F1-score,TPR,FPR
legacyPadl100_pin0p02_pout0p06_L9_G1,DF,95,0.5535789473684208,0.38685368421052635,0.5543073684210525,0.42431052631578925,0.6331663157894737,0.5245536842105264
legacyPadl100_pin0p02_pout0p06_L9_G1,TikTok,95,0.49932210526315773,0.2496642105263157,0.5,0.33299684210526326,0.45263157894736844,0.45263157894736844
legacyPadl100_pin0p02_pout0p06_L9_G1,VarCNN,95,0.5034557894736841,0.26063263157894734,0.5045589473684211,0.34052947368421066,0.7777252631578947,0.7686094736842105
legacyPadl100_pin0p02_pout0p06_L9_G1,RF,95,0.4996505263157893,0.24982631578947365,0.5,0.3331442105263159,0.5052631578947369,0.5052631578947369
