tag,model,num_pages,Accuracy,Precision,Recall,F1-score,TPR,FPR
legacyPadl100_pin0p025_pout0p075_L9_G1,DF,95,0.5857515789473684,0.44077473684210516,0.5863494736842105,0.4769178947368421,0.6388978947368422,0.4661957894736842
legacyPadl100_pin0p025_pout0p075_L9_G1,TikTok,95,0.5066989473684209,0.2623842105263157,0.5071968421052632,0.343762105263158,0.41925684210526315,0.40486315789473687
legacyPadl100_pin0p025_pout0p075_L9_G1,VarCNN,95,0.49979157894736814,0.24989789473684207,0.5,0.33320842105263165,0.43157894736842106,0.43157894736842106
legacyPadl100_pin0p025_pout0p075_L9_G1,RF,95,0.4993705263157893,0.24968736842105257,0.5,0.33301789473684223,0.47368421052631576,0.47368421052631576
