tag,model,num_pages,Accuracy,Precision,Recall,F1-score,TPR,FPR
legacyPadl100_pin0p02_pout0p06_L1_G1,DF,95,0.6326621052631579,0.5216473684210526,0.6322210526315786,0.5435663157894737,0.4464010526315789,0.1819610526315789
legacyPadl100_pin0p02_pout0p06_L1_G1,TikTok,95,0.7563042105263158,0.751918947368421,0.7563589473684209,0.7339168421052633,0.7563189473684206,0.2436063157894736
legacyPadl100_pin0p02_pout0p06_L1_G1,VarCNN,95,0.7285789473684208,0.7566231578947368,0.7290484210526313,0.7040010526315792,0.886335789473684,0.4282431578947368
legacyPadl100_pin0p02_pout0p06_L1_G1,RF,95,0.7676789473684209,0.8018284210526312,0.768034736842105,0.7523515789473684,0.8939336842105264,0.3578663157894736
