tag,model,num_pages,Accuracy,Precision,Recall,F1-score,TPR,FPR
legacyPadl100_pin0p015_pout0p045_L1_G9,DF,95,0.593682105263158,0.6237136842105262,0.5939010526315789,0.5514778947368422,0.6262452631578949,0.43844631578947363
legacyPadl100_pin0p015_pout0p045_L1_G9,TikTok,95,0.5611557894736844,0.5205284210526316,0.5608168421052634,0.4947789473684211,0.4331957894736841,0.31155789473684203
legacyPadl100_pin0p015_pout0p045_L1_G9,VarCNN,95,0.5835305263157898,0.6280547368421054,0.583718947368421,0.5389568421052631,0.6630031578947371,0.49555894736842104
legacyPadl100_pin0p015_pout0p045_L1_G9,RF,95,0.593447368421053,0.6454315789473684,0.5937073684210528,0.5616073684210525,0.6973410526315791,0.5099199999999998
