tag,model,num_pages,Accuracy,Precision,Recall,F1-score,TPR,FPR
legacyPadl100_pin0p02_pout0p06_L3_G1,DF,95,0.6751094736842104,0.6299915789473683,0.6755410526315787,0.6188399999999997,0.831277894736842,0.4801947368421052
legacyPadl100_pin0p02_pout0p06_L3_G1,TikTok,95,0.7573999999999996,0.7847200000000002,0.7577294736842102,0.7494178947368417,0.8715884210526317,0.35613052631578956
legacyPadl100_pin0p02_pout0p06_L3_G1,VarCNN,95,0.7006273684210527,0.7134515789473683,0.7009589473684213,0.6691947368421053,0.7899894736842106,0.3880726315789473
legacyPadl100_pin0p02_pout0p06_L3_G1,RF,95,0.7597105263157891,0.7928936842105264,0.7600578947368417,0.7520968421052627,0.8939757894736841,0.3738621052631579
