tag,model,num_pages,Accuracy,Precision,Recall,F1-score,TPR,FPR
legacyPadl100_pin0p025_pout0p075_L3_G1,DF,95,0.6846894736842104,0.6532715789473683,0.6851305263157895,0.6339105263157891,0.8473115789473683,0.4770442105263157
legacyPadl100_pin0p025_pout0p075_L3_G1,TikTok,95,0.7564631578947368,0.787365263157895,0.7568210526315792,0.7469189473684209,0.8838442105263156,0.37019263157894716
legacyPadl100_pin0p025_pout0p075_L3_G1,VarCNN,95,0.7309463157894738,0.7514652631578949,0.7311715789473686,0.7117263157894734,0.8243726315789471,0.36203157894736837
legacyPadl100_pin0p025_pout0p075_L3_G1,RF,95,0.7615115789473682,0.8018347368421053,0.7619294736842105,0.7521863157894736,0.9116947368421051,0.3878263157894735
