tag,model,num_pages,Accuracy,Precision,Recall,F1-score,TPR,FPR
legacyPadl100_pin0p015_pout0p045_L3_G1,DF,95,0.6768073684210528,0.6337094736842103,0.6771715789473686,0.6243378947368421,0.8063463157894737,0.45198947368421066
legacyPadl100_pin0p015_pout0p045_L3_G1,TikTok,95,0.7382031578947366,0.7586810526315791,0.7385294736842103,0.7254621052631578,0.8439494736842106,0.3668789473684212
legacyPadl100_pin0p015_pout0p045_L3_G1,VarCNN,95,0.6716494736842102,0.6751705263157893,0.6721694736842105,0.6279263157894736,0.8272494736842105,0.482903157894737
legacyPadl100_pin0p015_pout0p045_L3_G1,RF,95,0.7353757894736839,0.7508757894736844,0.7358515789473682,0.7116852631578945,0.8996084210526316,0.42789684210526335
