tag,model,num_pages,Accuracy,Precision,Recall,F1-score,TPR,FPR
legacyPadl100_pin0p025_pout0p075_L1_G1,DF,95,0.6391094736842108,0.5301947368421057,0.638678947368421,0.5484399999999999,0.4732536842105262,0.19589894736842106
legacyPadl100_pin0p025_pout0p075_L1_G1,TikTok,95,0.7763589473684215,0.7749221052631579,0.7762957894736843,0.7562305263157892,0.7789947368421052,0.22640105263157895
legacyPadl100_pin0p025_pout0p075_L1_G1,VarCNN,95,0.7403157894736841,0.7481473684210526,0.7405926315789474,0.7132578947368423,0.8272863157894734,0.34609684210526315
legacyPadl100_pin0p025_pout0p075_L1_G1,RF,95,0.803714736842105,0.8299315789473685,0.8040210526315789,0.7990568421052635,0.9226442105263156,0.3145894736842105
