tag,model,num_pages,Accuracy,Precision,Recall,F1-score,TPR,FPR
legacyPadl100_pin0p02_pout0p06_L1_G5,DF,95,0.6139978947368421,0.6002747368421051,0.614057894736842,0.5688410526315788,0.6450389473684209,0.4169178947368421
legacyPadl100_pin0p02_pout0p06_L1_G5,TikTok,95,0.6014326315789476,0.5580147368421055,0.6010999999999999,0.549438947368421,0.49051157894736847,0.28830736842105265
legacyPadl100_pin0p02_pout0p06_L1_G5,VarCNN,95,0.6936621052631581,0.7250926315789474,0.6940789473684212,0.6696926315789474,0.8457736842105262,0.45761894736842107
legacyPadl100_pin0p02_pout0p06_L1_G5,RF,95,0.6506473684210525,0.6741463157894734,0.6508400000000001,0.6398947368421053,0.7284336842105266,0.4267526315789473
