tag,model,num_pages,Accuracy,Precision,Recall,F1-score,TPR,FPR
legacyPadl100_pin0p015_pout0p045_L1_G7,DF,95,0.5979126315789474,0.6041252631578946,0.5978873684210526,0.5530600000000003,0.5661147368421053,0.3703463157894736
legacyPadl100_pin0p015_pout0p045_L1_G7,TikTok,95,0.5646905263157895,0.5258063157894736,0.5646789473684213,0.500618947368421,0.5130631578947369,0.3837052631578947
legacyPadl100_pin0p015_pout0p045_L1_G7,VarCNN,95,0.5920757894736843,0.6379021052631579,0.5921505263157896,0.5515536842105261,0.6675778947368421,0.4832631578947368
legacyPadl100_pin0p015_pout0p045_L1_G7,RF,95,0.6157736842105264,0.6596357894736843,0.6160642105263158,0.5922778947368419,0.7261936842105265,0.4940673684210527
