tag,model,num_pages,Accuracy,Precision,Recall,F1-score,TPR,FPR
legacyPadl100_pin0p025_pout0p075_L1_G9,DF,95,0.5811252631578947,0.596534736842105,0.5812736842105262,0.5310547368421052,0.6187410526315789,0.4561968421052631
legacyPadl100_pin0p025_pout0p075_L1_G9,TikTok,95,0.5641642105263157,0.525902105263158,0.5639284210526317,0.4945747368421052,0.4621778947368421,0.3343189473684211
legacyPadl100_pin0p025_pout0p075_L1_G9,VarCNN,95,0.6999631578947368,0.7446210526315789,0.7004126315789473,0.6765494736842103,0.8663715789473686,0.46554210526315803
legacyPadl100_pin0p025_pout0p075_L1_G9,RF,95,0.6051115789473684,0.6499473684210527,0.6053000000000001,0.5794526315789474,0.6845557894736843,0.47393789473684217
