tag,model,num_pages,Accuracy,Precision,Recall,F1-score,TPR,FPR
legacyPadl100_pin0p02_pout0p06_L1_G3,DF,95,0.59008,0.5052673684210526,0.5899842105263157,0.506037894736842,0.5478894736842104,0.36792421052631596
legacyPadl100_pin0p02_pout0p06_L1_G3,TikTok,95,0.6676431578947367,0.6548294736842105,0.6677105263157894,0.6371694736842104,0.6475010526315788,0.3120821052631579
legacyPadl100_pin0p02_pout0p06_L1_G3,VarCNN,95,0.6929610526315789,0.7310052631578948,0.6933978947368421,0.6724200000000002,0.8486768421052634,0.4618831578947368
legacyPadl100_pin0p02_pout0p06_L1_G3,RF,95,0.6858663157894734,0.7025463157894737,0.6860631578947367,0.6745547368421054,0.7621936842105265,0.39008631578947384
