tag,model,num_pages,Accuracy,Precision,Recall,F1-score,TPR,FPR
legacyPadl100_pin0p02_pout0p06_L1_G7,DF,95,0.6007873684210526,0.5963884210526316,0.6007852631578947,0.5529273684210528,0.5578484210526315,0.35627894736842103
legacyPadl100_pin0p02_pout0p06_L1_G7,TikTok,95,0.5729989473684212,0.528961052631579,0.57256,0.5086978947368419,0.43332315789473685,0.2882115789473683
legacyPadl100_pin0p02_pout0p06_L1_G7,VarCNN,95,0.6764494736842104,0.6946905263157895,0.676957894736842,0.6440273684210522,0.8474589473684209,0.49354000000000015
legacyPadl100_pin0p02_pout0p06_L1_G7,RF,95,0.6232873684210524,0.6549052631578945,0.623477894736842,0.6074642105263158,0.691725263157895,0.44477157894736835
