tag,model,num_pages,Accuracy,Precision,Recall,F1-score,TPR,FPR
legacyPadl100_pin0p025_pout0p075_L1_G3,DF,95,0.5877778947368422,0.5150368421052633,0.5875673684210526,0.5020589473684212,0.5235747368421053,0.34844105263157904
legacyPadl100_pin0p025_pout0p075_L1_G3,TikTok,95,0.6626589473684211,0.6460852631578947,0.6624873684210526,0.627697894736842,0.6258526315789473,0.30088
legacyPadl100_pin0p025_pout0p075_L1_G3,VarCNN,95,0.7043610526315789,0.7039673684210529,0.7046421052631582,0.6857021052631579,0.8195957894736842,0.4103136842105264
legacyPadl100_pin0p025_pout0p075_L1_G3,RF,95,0.7009347368421055,0.7307463157894732,0.701343157894737,0.6910305263157894,0.8545926315789474,0.45191578947368455
