tag,model,num_pages,Accuracy,Precision,Recall,F1-score,TPR,FPR
legacyPadl100_pin0p02_pout0p06_L1_G9,DF,95,0.5886978947368421,0.607557894736842,0.5886800000000001,0.5446631578947368,0.5772610526315789,0.3998947368421052
legacyPadl100_pin0p02_pout0p06_L1_G9,TikTok,95,0.5463073684210524,0.5025578947368421,0.5461252631578947,0.470934736842105,0.47310105263157876,0.38084315789473694
legacyPadl100_pin0p02_pout0p06_L1_G9,VarCNN,95,0.6675989473684212,0.6865863157894736,0.6681431578947369,0.6304915789473682,0.8719989473684208,0.5357084210526317
legacyPadl100_pin0p02_pout0p06_L1_G9,RF,95,0.5992494736842106,0.6367884210526316,0.5994705263157898,0.5757684210526317,0.6830242105263158,0.48407473684210534
