tag,model,num_pages,Accuracy,Precision,Recall,F1-score,TPR,FPR
legacyPadl100_pin0p025_pout0p075_L1_G7,DF,95,0.6088778947368424,0.6199157894736841,0.6089631578947368,0.5684705263157894,0.6472726315789473,0.42935789473684227
legacyPadl100_pin0p025_pout0p075_L1_G7,TikTok,95,0.5654073684210529,0.5198073684210529,0.565216842105263,0.498515789473684,0.463357894736842,0.33292842105263165
legacyPadl100_pin0p025_pout0p075_L1_G7,VarCNN,95,0.7020042105263158,0.7283715789473686,0.7023894736842105,0.6823947368421049,0.8560284210526314,0.4512452631578949
legacyPadl100_pin0p025_pout0p075_L1_G7,RF,95,0.6310147368421051,0.6677442105263159,0.6312526315789472,0.6145115789473684,0.7289347368421053,0.4664347368421053
