tag,model,num_pages,Accuracy,Precision,Recall,F1-score
padl600_pin0p005_pout0p005_L0_G0,DF,95,0.6067263157894737,0.7238473684210527,0.6072978947368418,0.5384494736842103
padl600_pin0p005_pout0p005_L0_G0,TikTok,95,0.6062684210526316,0.7141673684210529,0.6067621052631579,0.5400568421052633
padl600_pin0p005_pout0p005_L0_G0,VarCNN,95,0.6070063157894736,0.7150400000000002,0.6076094736842105,0.544316842105263
padl600_pin0p005_pout0p005_L0_G0,RF,95,0.5361947368421053,0.6826389473684212,0.5370136842105262,0.40713999999999995
