tag,model,num_pages,Accuracy,Precision,Recall,F1-score
padl100_pin0p01_pout0p01_L0_G0,DF,95,0.7353915789473684,0.7677136842105264,0.7356705263157894,0.7274136842105264
padl100_pin0p01_pout0p01_L0_G0,TikTok,95,0.6701494736842107,0.6401389473684209,0.6699526315789475,0.6275968421052631
padl100_pin0p01_pout0p01_L0_G0,VarCNN,95,0.6846789473684209,0.7176431578947368,0.6849315789473684,0.6659905263157896
padl100_pin0p01_pout0p01_L0_G0,RF,95,0.6779231578947368,0.6918726315789471,0.6782842105263156,0.6487736842105264
