tag,model,num_pages,Accuracy,Precision,Recall,F1-score
padl700_pin0p01_pout0p01_L0_G0,DF,95,0.7388336842105264,0.7716357894736839,0.7391336842105263,0.7305894736842106
padl700_pin0p01_pout0p01_L0_G0,TikTok,95,0.7354452631578949,0.7682094736842106,0.7357410526315791,0.727422105263158
padl700_pin0p01_pout0p01_L0_G0,VarCNN,95,0.712818947368421,0.7429726315789476,0.7131410526315788,0.7050326315789478
padl700_pin0p01_pout0p01_L0_G0,RF,95,0.627702105263158,0.6889421052631579,0.627861052631579,0.5840452631578947
